http://sedar.com/DisplayProfile.do?lang=EN&issuerType=03&issuerNo=00000140,140,SHP
http://sedar.com/DisplayProfile.do?lang=EN&issuerType=03&issuerNo=00000175,175,WAW
http://sedar.com/DisplayProfile.do?lang=EN&issuerType=03&issuerNo=00001169,1169,WAB
http://sedar.com/DisplayProfile.do?lang=EN&issuerType=03&issuerNo=00001576,1576,NPT
http://sedar.com/DisplayProfile.do?lang=EN&issuerType=03&issuerNo=00001885,1885,TBI
http://sedar.com/DisplayProfile.do?lang=EN&issuerType=03&issuerNo=00001910,1910,WCX
http://sedar.com/DisplayProfile.do?lang=EN&issuerType=03&issuerNo=00001981,1981,BCO
http://sedar.com/DisplayProfile.do?lang=EN&issuerType=03&issuerNo=00002000,2000,DEN
http://sedar.com/DisplayProfile.do?lang=EN&issuerType=03&issuerNo=00002205,2205,NOVT
http://sedar.com/DisplayProfile.do?lang=EN&issuerType=03&issuerNo=00002298,2298,GNOLF
http://sedar.com/DisplayProfile.do?lang=EN&issuerType=03&issuerNo=00002312,2312,GFD
http://sedar.com/DisplayProfile.do?lang=EN&issuerType=03&issuerNo=00002474,2474,ADW
http://sedar.com/DisplayProfile.do?lang=EN&issuerType=03&issuerNo=00002560,2560,LBY
http://sedar.com/DisplayProfile.do?lang=EN&issuerType=03&issuerNo=00002585,2585,NEW
http://sedar.com/DisplayProfile.do?lang=EN&issuerType=03&issuerNo=00002665,2665,MIS
http://sedar.com/DisplayProfile.do?lang=EN&issuerType=03&issuerNo=00002724,2724,UTC
http://sedar.com/DisplayProfile.do?lang=EN&issuerType=03&issuerNo=00002752,2752,SV
http://sedar.com/DisplayProfile.do?lang=EN&issuerType=03&issuerNo=00002758,2758,TRZ
http://sedar.com/DisplayProfile.do?lang=EN&issuerType=03&issuerNo=00002772,2772,MIO
http://sedar.com/DisplayProfile.do?lang=EN&issuerType=03&issuerNo=00002958,2958,EUR
http://sedar.com/DisplayProfile.do?lang=EN&issuerType=03&issuerNo=00003004,3004,IDC
http://sedar.com/DisplayProfile.do?lang=EN&issuerType=03&issuerNo=00003013,3013,CEG
http://sedar.com/DisplayProfile.do?lang=EN&issuerType=03&issuerNo=00003164,3164,AXM
http://sedar.com/DisplayProfile.do?lang=EN&issuerType=03&issuerNo=00003493,3493,JJJ
http://sedar.com/DisplayProfile.do?lang=EN&issuerType=03&issuerNo=00003792,3792,SUV
http://sedar.com/DisplayProfile.do?lang=EN&issuerType=03&issuerNo=00003819,3819,IDK
http://sedar.com/DisplayProfile.do?lang=EN&issuerType=03&issuerNo=00003880,3880,BLM
http://sedar.com/DisplayProfile.do?lang=EN&issuerType=03&issuerNo=00003918,3918,MCZ
http://sedar.com/DisplayProfile.do?lang=EN&issuerType=03&issuerNo=00003946,3946,CFE
http://sedar.com/DisplayProfile.do?lang=EN&issuerType=03&issuerNo=00004017,4017,BLS
http://sedar.com/DisplayProfile.do?lang=EN&issuerType=03&issuerNo=00004122,4122,ADX
http://sedar.com/DisplayProfile.do?lang=EN&issuerType=03&issuerNo=00004264,4264,MK
http://sedar.com/DisplayProfile.do?lang=EN&issuerType=03&issuerNo=00004487,4487,GST
http://sedar.com/DisplayProfile.do?lang=EN&issuerType=03&issuerNo=00004565,4565,RAV
http://sedar.com/DisplayProfile.do?lang=EN&issuerType=03&issuerNo=00004742,4742,INM
http://sedar.com/DisplayProfile.do?lang=EN&issuerType=03&issuerNo=00004795,4795,AGZ
http://sedar.com/DisplayProfile.do?lang=EN&issuerType=03&issuerNo=00004927,4927,VBV
http://sedar.com/DisplayProfile.do?lang=EN&issuerType=03&issuerNo=00005128,5128,BE
http://sedar.com/DisplayProfile.do?lang=EN&issuerType=03&issuerNo=00005140,5140,EYEA
http://sedar.com/DisplayProfile.do?lang=EN&issuerType=03&issuerNo=00005157,5157,MTA
http://sedar.com/DisplayProfile.do?lang=EN&issuerType=03&issuerNo=00005159,5159,AARM
http://sedar.com/DisplayProfile.do?lang=EN&issuerType=03&issuerNo=00005275,5275,FECOF
http://sedar.com/DisplayProfile.do?lang=EN&issuerType=03&issuerNo=00005374,5374,OPA
http://sedar.com/DisplayProfile.do?lang=EN&issuerType=03&issuerNo=00005445,5445,SUN
http://sedar.com/DisplayProfile.do?lang=EN&issuerType=03&issuerNo=00005446,5446,LBIX
http://sedar.com/DisplayProfile.do?lang=EN&issuerType=03&issuerNo=00005506,5506,UPL
http://sedar.com/DisplayProfile.do?lang=EN&issuerType=03&issuerNo=00005515,5515,ZTE
http://sedar.com/DisplayProfile.do?lang=EN&issuerType=03&issuerNo=00005557,5557,ASTI
http://sedar.com/DisplayProfile.do?lang=EN&issuerType=03&issuerNo=00005599,5599,CPPXF
http://sedar.com/DisplayProfile.do?lang=EN&issuerType=03&issuerNo=00005600,5600,DLE
http://sedar.com/DisplayProfile.do?lang=EN&issuerType=03&issuerNo=00005650,5650,IME
http://sedar.com/DisplayProfile.do?lang=EN&issuerType=03&issuerNo=00005782,5782,IN
http://sedar.com/DisplayProfile.do?lang=EN&issuerType=03&issuerNo=00005818,5818,ALQ
http://sedar.com/DisplayProfile.do?lang=EN&issuerType=03&issuerNo=00005819,5819,JEM
http://sedar.com/DisplayProfile.do?lang=EN&issuerType=03&issuerNo=00005824,5824,APX
http://sedar.com/DisplayProfile.do?lang=EN&issuerType=03&issuerNo=00005840,5840,RQB
http://sedar.com/DisplayProfile.do?lang=EN&issuerType=03&issuerNo=00005958,5958,EDE
http://sedar.com/DisplayProfile.do?lang=EN&issuerType=03&issuerNo=00005974,5974,SYS
http://sedar.com/DisplayProfile.do?lang=EN&issuerType=03&issuerNo=00006000,6000,FIRE
http://sedar.com/DisplayProfile.do?lang=EN&issuerType=03&issuerNo=00006038,6038,WSM
http://sedar.com/DisplayProfile.do?lang=EN&issuerType=03&issuerNo=00006160,6160,CCY
http://sedar.com/DisplayProfile.do?lang=EN&issuerType=03&issuerNo=00006163,6163,GTI
http://sedar.com/DisplayProfile.do?lang=EN&issuerType=03&issuerNo=00006177,6177,CAV
http://sedar.com/DisplayProfile.do?lang=EN&issuerType=03&issuerNo=00006190,6190,ALK
http://sedar.com/DisplayProfile.do?lang=EN&issuerType=03&issuerNo=00006370,6370,SNSG
http://sedar.com/DisplayProfile.do?lang=EN&issuerType=03&issuerNo=00007443,7443,AVM
http://sedar.com/DisplayProfile.do?lang=EN&issuerType=03&issuerNo=00007537,7537,GPK
http://sedar.com/DisplayProfile.do?lang=EN&issuerType=03&issuerNo=00007571,7571,AN
http://sedar.com/DisplayProfile.do?lang=EN&issuerType=03&issuerNo=00007588,7588,INO
http://sedar.com/DisplayProfile.do?lang=EN&issuerType=03&issuerNo=00007650,7650,SQA
http://sedar.com/DisplayProfile.do?lang=EN&issuerType=03&issuerNo=00007651,7651,CHX
http://sedar.com/DisplayProfile.do?lang=EN&issuerType=03&issuerNo=00007665,7665,EGM
http://sedar.com/DisplayProfile.do?lang=EN&issuerType=03&issuerNo=00007673,7673,LGM
http://sedar.com/DisplayProfile.do?lang=EN&issuerType=03&issuerNo=00007674,7674,CYL
http://sedar.com/DisplayProfile.do?lang=EN&issuerType=03&issuerNo=00007710,7710,TXL
http://sedar.com/DisplayProfile.do?lang=EN&issuerType=03&issuerNo=00007769,7769,AFF
http://sedar.com/DisplayProfile.do?lang=EN&issuerType=03&issuerNo=00007796,7796,ARV
http://sedar.com/DisplayProfile.do?lang=EN&issuerType=03&issuerNo=00007842,7842,GOR
http://sedar.com/DisplayProfile.do?lang=EN&issuerType=03&issuerNo=00007953,7953,FEC
http://sedar.com/DisplayProfile.do?lang=EN&issuerType=03&issuerNo=00007989,7989,EA
http://sedar.com/DisplayProfile.do?lang=EN&issuerType=03&issuerNo=00008032,8032,CHV
http://sedar.com/DisplayProfile.do?lang=EN&issuerType=03&issuerNo=00008062,8062,RBN
http://sedar.com/DisplayProfile.do?lang=EN&issuerType=03&issuerNo=00008070,8070,FFT
http://sedar.com/DisplayProfile.do?lang=EN&issuerType=03&issuerNo=00008122,8122,CNW
http://sedar.com/DisplayProfile.do?lang=EN&issuerType=03&issuerNo=00008190,8190,BRG
http://sedar.com/DisplayProfile.do?lang=EN&issuerType=03&issuerNo=00008235,8235,LEN
http://sedar.com/DisplayProfile.do?lang=EN&issuerType=03&issuerNo=00008290,8290,TEA
http://sedar.com/DisplayProfile.do?lang=EN&issuerType=03&issuerNo=00008292,8292,ARQ
http://sedar.com/DisplayProfile.do?lang=EN&issuerType=03&issuerNo=00008364,8364,BKS
http://sedar.com/DisplayProfile.do?lang=EN&issuerType=03&issuerNo=00008380,8380,ICEIF
http://sedar.com/DisplayProfile.do?lang=EN&issuerType=03&issuerNo=00008384,8384,CRZ
http://sedar.com/DisplayProfile.do?lang=EN&issuerType=03&issuerNo=00008425,8425,BRH
http://sedar.com/DisplayProfile.do?lang=EN&issuerType=03&issuerNo=00008559,8559,REAHA
http://sedar.com/DisplayProfile.do?lang=EN&issuerType=03&issuerNo=00008656,8656,PBTU
http://sedar.com/DisplayProfile.do?lang=EN&issuerType=03&issuerNo=00008658,8658,DFS
http://sedar.com/DisplayProfile.do?lang=EN&issuerType=03&issuerNo=00008750,8750,PRL
http://sedar.com/DisplayProfile.do?lang=EN&issuerType=03&issuerNo=00008937,8937,EBY
http://sedar.com/DisplayProfile.do?lang=EN&issuerType=03&issuerNo=00009107,9107,AFI
http://sedar.com/DisplayProfile.do?lang=EN&issuerType=03&issuerNo=00009139,9139,EM
http://sedar.com/DisplayProfile.do?lang=EN&issuerType=03&issuerNo=00009155,9155,PDO
http://sedar.com/DisplayProfile.do?lang=EN&issuerType=03&issuerNo=00009262,9262,SPO
http://sedar.com/DisplayProfile.do?lang=EN&issuerType=03&issuerNo=00009489,9489,BZI
http://sedar.com/DisplayProfile.do?lang=EN&issuerType=03&issuerNo=00009525,9525,LGF
http://sedar.com/DisplayProfile.do?lang=EN&issuerType=03&issuerNo=00009796,9796,GFI
http://sedar.com/DisplayProfile.do?lang=EN&issuerType=03&issuerNo=00009809,9809,ABK
http://sedar.com/DisplayProfile.do?lang=EN&issuerType=03&issuerNo=00009855,9855,ZRO
http://sedar.com/DisplayProfile.do?lang=EN&issuerType=03&issuerNo=00009865,9865,PKG
http://sedar.com/DisplayProfile.do?lang=EN&issuerType=03&issuerNo=00009947,9947,NA
http://sedar.com/DisplayProfile.do?lang=EN&issuerType=03&issuerNo=00010158,10158,NIL
http://sedar.com/DisplayProfile.do?lang=EN&issuerType=03&issuerNo=00010164,10164,NA
http://sedar.com/DisplayProfile.do?lang=EN&issuerType=03&issuerNo=00010365,10365,MARI
http://sedar.com/DisplayProfile.do?lang=EN&issuerType=03&issuerNo=00010405,10405,TAI
http://sedar.com/DisplayProfile.do?lang=EN&issuerType=03&issuerNo=00010711,10711,DNI
http://sedar.com/DisplayProfile.do?lang=EN&issuerType=03&issuerNo=00010933,10933,KOT
http://sedar.com/DisplayProfile.do?lang=EN&issuerType=03&issuerNo=00011185,11185,HPQ
http://sedar.com/DisplayProfile.do?lang=EN&issuerType=03&issuerNo=00011372,11372,COPR
http://sedar.com/DisplayProfile.do?lang=EN&issuerType=03&issuerNo=00011449,11449,RLG
http://sedar.com/DisplayProfile.do?lang=EN&issuerType=03&issuerNo=00011477,11477,ATT
http://sedar.com/DisplayProfile.do?lang=EN&issuerType=03&issuerNo=00011658,11658,NIL
http://sedar.com/DisplayProfile.do?lang=EN&issuerType=03&issuerNo=00011804,11804,GLR
http://sedar.com/DisplayProfile.do?lang=EN&issuerType=03&issuerNo=00012199,12199,MAT
http://sedar.com/DisplayProfile.do?lang=EN&issuerType=03&issuerNo=00012704,12704,TRAK
http://sedar.com/DisplayProfile.do?lang=EN&issuerType=03&issuerNo=00013134,13134,GVR
http://sedar.com/DisplayProfile.do?lang=EN&issuerType=03&issuerNo=00013334,13334,ITR
http://sedar.com/DisplayProfile.do?lang=EN&issuerType=03&issuerNo=00013438,13438,MCL
http://sedar.com/DisplayProfile.do?lang=EN&issuerType=03&issuerNo=00013475,13475,TAK
http://sedar.com/DisplayProfile.do?lang=EN&issuerType=03&issuerNo=00013742,13742,BRC
http://sedar.com/DisplayProfile.do?lang=EN&issuerType=03&issuerNo=00014180,14180,RFR
http://sedar.com/DisplayProfile.do?lang=EN&issuerType=03&issuerNo=00014456,14456,REW
http://sedar.com/DisplayProfile.do?lang=EN&issuerType=03&issuerNo=00015333,15333,MVT
http://sedar.com/DisplayProfile.do?lang=EN&issuerType=03&issuerNo=00015354,15354,AEL
http://sedar.com/DisplayProfile.do?lang=EN&issuerType=03&issuerNo=00015710,15710,MOM
http://sedar.com/DisplayProfile.do?lang=EN&issuerType=03&issuerNo=00015716,15716,MMI
http://sedar.com/DisplayProfile.do?lang=EN&issuerType=03&issuerNo=00015885,15885,HAN
http://sedar.com/DisplayProfile.do?lang=EN&issuerType=03&issuerNo=00015999,15999,ETFC
http://sedar.com/DisplayProfile.do?lang=EN&issuerType=03&issuerNo=00016300,16300,OSH
http://sedar.com/DisplayProfile.do?lang=EN&issuerType=03&issuerNo=00016481,16481,JCI
http://sedar.com/DisplayProfile.do?lang=EN&issuerType=03&issuerNo=00016555,16555,PVS
http://sedar.com/DisplayProfile.do?lang=EN&issuerType=03&issuerNo=00016924,16924,OPI
http://sedar.com/DisplayProfile.do?lang=EN&issuerType=03&issuerNo=00017383,17383,MUR
http://sedar.com/DisplayProfile.do?lang=EN&issuerType=03&issuerNo=00017519,17519,C
http://sedar.com/DisplayProfile.do?lang=EN&issuerType=03&issuerNo=00017689,17689,NVUUN
http://sedar.com/DisplayProfile.do?lang=EN&issuerType=03&issuerNo=00017700,17700,RGL
http://sedar.com/DisplayProfile.do?lang=EN&issuerType=03&issuerNo=00018035,18035,TEK
http://sedar.com/DisplayProfile.do?lang=EN&issuerType=03&issuerNo=00018363,18363,IVF
http://sedar.com/DisplayProfile.do?lang=EN&issuerType=03&issuerNo=00018603,18603,SX
http://sedar.com/DisplayProfile.do?lang=EN&issuerType=03&issuerNo=00018625,18625,ONI
http://sedar.com/DisplayProfile.do?lang=EN&issuerType=03&issuerNo=00018786,18786,INR
http://sedar.com/DisplayProfile.do?lang=EN&issuerType=03&issuerNo=00019580,19580,BIG
http://sedar.com/DisplayProfile.do?lang=EN&issuerType=03&issuerNo=00019603,19603,KBY
http://sedar.com/DisplayProfile.do?lang=EN&issuerType=03&issuerNo=00019662,19662,RES
http://sedar.com/DisplayProfile.do?lang=EN&issuerType=03&issuerNo=00019701,19701,BYU
http://sedar.com/DisplayProfile.do?lang=EN&issuerType=03&issuerNo=00019719,19719,LIT
http://sedar.com/DisplayProfile.do?lang=EN&issuerType=03&issuerNo=00019912,19912,FTN
http://sedar.com/DisplayProfile.do?lang=EN&issuerType=03&issuerNo=00020035,20035,MQ
http://sedar.com/DisplayProfile.do?lang=EN&issuerType=03&issuerNo=00020186,20186,WFS
http://sedar.com/DisplayProfile.do?lang=EN&issuerType=03&issuerNo=00020286,20286,DFN
http://sedar.com/DisplayProfile.do?lang=EN&issuerType=03&issuerNo=00020417,20417,VTC
http://sedar.com/DisplayProfile.do?lang=EN&issuerType=03&issuerNo=00020572,20572,CLY
http://sedar.com/DisplayProfile.do?lang=EN&issuerType=03&issuerNo=00020628,20628,EVG
http://sedar.com/DisplayProfile.do?lang=EN&issuerType=03&issuerNo=00020657,20657,QCA
http://sedar.com/DisplayProfile.do?lang=EN&issuerType=03&issuerNo=00021045,21045,NPC
http://sedar.com/DisplayProfile.do?lang=EN&issuerType=03&issuerNo=00021051,21051,VVX
http://sedar.com/DisplayProfile.do?lang=EN&issuerType=03&issuerNo=00021111,21111,QBA
http://sedar.com/DisplayProfile.do?lang=EN&issuerType=03&issuerNo=00021176,21176,FFN
http://sedar.com/DisplayProfile.do?lang=EN&issuerType=03&issuerNo=00021345,21345,DHC
http://sedar.com/DisplayProfile.do?lang=EN&issuerType=03&issuerNo=00021465,21465,ION
http://sedar.com/DisplayProfile.do?lang=EN&issuerType=03&issuerNo=00021542,21542,CTFUN
http://sedar.com/DisplayProfile.do?lang=EN&issuerType=03&issuerNo=00021598,21598,BDR
http://sedar.com/DisplayProfile.do?lang=EN&issuerType=03&issuerNo=00021769,21769,TAP
http://sedar.com/DisplayProfile.do?lang=EN&issuerType=03&issuerNo=00022159,22159,TNY
http://sedar.com/DisplayProfile.do?lang=EN&issuerType=03&issuerNo=00022275,22275,BK
http://sedar.com/DisplayProfile.do?lang=EN&issuerType=03&issuerNo=00022439,22439,N
http://sedar.com/DisplayProfile.do?lang=EN&issuerType=03&issuerNo=00022452,22452,RGO
http://sedar.com/DisplayProfile.do?lang=EN&issuerType=03&issuerNo=00022456,22456,ANF
http://sedar.com/DisplayProfile.do?lang=EN&issuerType=03&issuerNo=00022611,22611,PMC
http://sedar.com/DisplayProfile.do?lang=EN&issuerType=03&issuerNo=00022613,22613,BSE
http://sedar.com/DisplayProfile.do?lang=EN&issuerType=03&issuerNo=00022709,22709,NGH
http://sedar.com/DisplayProfile.do?lang=EN&issuerType=03&issuerNo=00022724,22724,MOS
http://sedar.com/DisplayProfile.do?lang=EN&issuerType=03&issuerNo=00022763,22763,SBC
http://sedar.com/DisplayProfile.do?lang=EN&issuerType=03&issuerNo=00022775,22775,TKX
http://sedar.com/DisplayProfile.do?lang=EN&issuerType=03&issuerNo=00022783,22783,PDV
http://sedar.com/DisplayProfile.do?lang=EN&issuerType=03&issuerNo=00022839,22839,PUF
http://sedar.com/DisplayProfile.do?lang=EN&issuerType=03&issuerNo=00022848,22848,ENI
http://sedar.com/DisplayProfile.do?lang=EN&issuerType=03&issuerNo=00023169,23169,DOMUN
http://sedar.com/DisplayProfile.do?lang=EN&issuerType=03&issuerNo=00023367,23367,BMR
http://sedar.com/DisplayProfile.do?lang=EN&issuerType=03&issuerNo=00023672,23672,HHS
http://sedar.com/DisplayProfile.do?lang=EN&issuerType=03&issuerNo=00023738,23738,BWC
http://sedar.com/DisplayProfile.do?lang=EN&issuerType=03&issuerNo=00024054,24054,MNY
http://sedar.com/DisplayProfile.do?lang=EN&issuerType=03&issuerNo=00024213,24213,LBS
http://sedar.com/DisplayProfile.do?lang=EN&issuerType=03&issuerNo=00024245,24245,AMD
http://sedar.com/DisplayProfile.do?lang=EN&issuerType=03&issuerNo=00024314,24314,DF
http://sedar.com/DisplayProfile.do?lang=EN&issuerType=03&issuerNo=00024411,24411,PSE
http://sedar.com/DisplayProfile.do?lang=EN&issuerType=03&issuerNo=00024415,24415,SYL
http://sedar.com/DisplayProfile.do?lang=EN&issuerType=03&issuerNo=00024451,24451,NVG
http://sedar.com/DisplayProfile.do?lang=EN&issuerType=03&issuerNo=00024465,24465,EAT
http://sedar.com/DisplayProfile.do?lang=EN&issuerType=03&issuerNo=00024492,24492,GDP
http://sedar.com/DisplayProfile.do?lang=EN&issuerType=03&issuerNo=00024734,24734,SNX
http://sedar.com/DisplayProfile.do?lang=EN&issuerType=03&issuerNo=00024773,24773,GPC
http://sedar.com/DisplayProfile.do?lang=EN&issuerType=03&issuerNo=00024827,24827,KNR
http://sedar.com/DisplayProfile.do?lang=EN&issuerType=03&issuerNo=00024835,24835,FDM
http://sedar.com/DisplayProfile.do?lang=EN&issuerType=03&issuerNo=00024879,24879,NPD
http://sedar.com/DisplayProfile.do?lang=EN&issuerType=03&issuerNo=00024893,24893,NI
http://sedar.com/DisplayProfile.do?lang=EN&issuerType=03&issuerNo=00024899,24899,SHV
http://sedar.com/DisplayProfile.do?lang=EN&issuerType=03&issuerNo=00024948,24948,CCR
http://sedar.com/DisplayProfile.do?lang=EN&issuerType=03&issuerNo=00024969,24969,LCS
http://sedar.com/DisplayProfile.do?lang=EN&issuerType=03&issuerNo=00025111,25111,LAI
http://sedar.com/DisplayProfile.do?lang=EN&issuerType=03&issuerNo=00025142,25142,SBN
http://sedar.com/DisplayProfile.do?lang=EN&issuerType=03&issuerNo=00025184,25184,CRI
http://sedar.com/DisplayProfile.do?lang=EN&issuerType=03&issuerNo=00025219,25219,PME
http://sedar.com/DisplayProfile.do?lang=EN&issuerType=03&issuerNo=00025409,25409,XTD
http://sedar.com/DisplayProfile.do?lang=EN&issuerType=03&issuerNo=00025416,25416,KBB
http://sedar.com/DisplayProfile.do?lang=EN&issuerType=03&issuerNo=00025419,25419,MBN
http://sedar.com/DisplayProfile.do?lang=EN&issuerType=03&issuerNo=00025560,25560,FNQ
http://sedar.com/DisplayProfile.do?lang=EN&issuerType=03&issuerNo=00025584,25584,VGW
http://sedar.com/DisplayProfile.do?lang=EN&issuerType=03&issuerNo=00025675,25675,ACB
http://sedar.com/DisplayProfile.do?lang=EN&issuerType=03&issuerNo=00025712,25712,NNN
http://sedar.com/DisplayProfile.do?lang=EN&issuerType=03&issuerNo=00025881,25881,FGX
http://sedar.com/DisplayProfile.do?lang=EN&issuerType=03&issuerNo=00025984,25984,BIS
http://sedar.com/DisplayProfile.do?lang=EN&issuerType=03&issuerNo=00025992,25992,PRI
http://sedar.com/DisplayProfile.do?lang=EN&issuerType=03&issuerNo=00026025,26025,CZC
http://sedar.com/DisplayProfile.do?lang=EN&issuerType=03&issuerNo=00026200,26200,WUC
http://sedar.com/DisplayProfile.do?lang=EN&issuerType=03&issuerNo=00026267,26267,CASC
http://sedar.com/DisplayProfile.do?lang=EN&issuerType=03&issuerNo=00026289,26289,BDG
http://sedar.com/DisplayProfile.do?lang=EN&issuerType=03&issuerNo=00026361,26361,SBOT
http://sedar.com/DisplayProfile.do?lang=EN&issuerType=03&issuerNo=00026458,26458,TBP
http://sedar.com/DisplayProfile.do?lang=EN&issuerType=03&issuerNo=00026670,26670,CORE
http://sedar.com/DisplayProfile.do?lang=EN&issuerType=03&issuerNo=00026674,26674,MMJ
http://sedar.com/DisplayProfile.do?lang=EN&issuerType=03&issuerNo=00026781,26781,AMP
http://sedar.com/DisplayProfile.do?lang=EN&issuerType=03&issuerNo=00026814,26814,JBR
http://sedar.com/DisplayProfile.do?lang=EN&issuerType=03&issuerNo=00026990,26990,USCO
http://sedar.com/DisplayProfile.do?lang=EN&issuerType=03&issuerNo=00027103,27103,LAC
http://sedar.com/DisplayProfile.do?lang=EN&issuerType=03&issuerNo=00027132,27132,MCF
http://sedar.com/DisplayProfile.do?lang=EN&issuerType=03&issuerNo=00027164,27164,PKK
http://sedar.com/DisplayProfile.do?lang=EN&issuerType=03&issuerNo=00027293,27293,LAN
http://sedar.com/DisplayProfile.do?lang=EN&issuerType=03&issuerNo=00027316,27316,ACHV
http://sedar.com/DisplayProfile.do?lang=EN&issuerType=03&issuerNo=00027330,27330,RGUS
http://sedar.com/DisplayProfile.do?lang=EN&issuerType=03&issuerNo=00027409,27409,LXRP
http://sedar.com/DisplayProfile.do?lang=EN&issuerType=03&issuerNo=00027528,27528,VSYS
http://sedar.com/DisplayProfile.do?lang=EN&issuerType=03&issuerNo=00027595,27595,HR
http://sedar.com/DisplayProfile.do?lang=EN&issuerType=03&issuerNo=00027601,27601,WCN
http://sedar.com/DisplayProfile.do?lang=EN&issuerType=03&issuerNo=00027750,27750,RISE
http://sedar.com/DisplayProfile.do?lang=EN&issuerType=03&issuerNo=00027850,27850,EI
http://sedar.com/DisplayProfile.do?lang=EN&issuerType=03&issuerNo=00027960,27960,DIGAF
http://sedar.com/DisplayProfile.do?lang=EN&issuerType=03&issuerNo=00028038,28038,IRI
http://sedar.com/DisplayProfile.do?lang=EN&issuerType=03&issuerNo=00028163,28163,DNC
http://sedar.com/DisplayProfile.do?lang=EN&issuerType=03&issuerNo=00028186,28186,RVG
http://sedar.com/DisplayProfile.do?lang=EN&issuerType=03&issuerNo=00028346,28346,MHY
http://sedar.com/DisplayProfile.do?lang=EN&issuerType=03&issuerNo=00028723,28723,SVP
http://sedar.com/DisplayProfile.do?lang=EN&issuerType=03&issuerNo=00028737,28737,CLN
http://sedar.com/DisplayProfile.do?lang=EN&issuerType=03&issuerNo=00028772,28772,AFD
http://sedar.com/DisplayProfile.do?lang=EN&issuerType=03&issuerNo=00028793,28793,UMB
http://sedar.com/DisplayProfile.do?lang=EN&issuerType=03&issuerNo=00028832,28832,NAF
http://sedar.com/DisplayProfile.do?lang=EN&issuerType=03&issuerNo=00028877,28877,THX
http://sedar.com/DisplayProfile.do?lang=EN&issuerType=03&issuerNo=00028969,28969,LSTMF
http://sedar.com/DisplayProfile.do?lang=EN&issuerType=03&issuerNo=00029040,29040,EZM
http://sedar.com/DisplayProfile.do?lang=EN&issuerType=03&issuerNo=00029065,29065,CLM
http://sedar.com/DisplayProfile.do?lang=EN&issuerType=03&issuerNo=00029217,29217,POOL
http://sedar.com/DisplayProfile.do?lang=EN&issuerType=03&issuerNo=00029298,29298,PHYS
http://sedar.com/DisplayProfile.do?lang=EN&issuerType=03&issuerNo=00029380,29380,PRU
http://sedar.com/DisplayProfile.do?lang=EN&issuerType=03&issuerNo=00029402,29402,AFH
http://sedar.com/DisplayProfile.do?lang=EN&issuerType=03&issuerNo=00029420,29420,NAL
http://sedar.com/DisplayProfile.do?lang=EN&issuerType=03&issuerNo=00029438,29438,LOOP
http://sedar.com/DisplayProfile.do?lang=EN&issuerType=03&issuerNo=00029659,29659,GHG
http://sedar.com/DisplayProfile.do?lang=EN&issuerType=03&issuerNo=00029669,29669,CIM
http://sedar.com/DisplayProfile.do?lang=EN&issuerType=03&issuerNo=00029689,29689,MEC
http://sedar.com/DisplayProfile.do?lang=EN&issuerType=03&issuerNo=00029801,29801,PVOTF
http://sedar.com/DisplayProfile.do?lang=EN&issuerType=03&issuerNo=00029807,29807,MIRL
http://sedar.com/DisplayProfile.do?lang=EN&issuerType=03&issuerNo=00029863,29863,TO
http://sedar.com/DisplayProfile.do?lang=EN&issuerType=03&issuerNo=00029867,29867,TCC
http://sedar.com/DisplayProfile.do?lang=EN&issuerType=03&issuerNo=00030086,30086,INIS
http://sedar.com/DisplayProfile.do?lang=EN&issuerType=03&issuerNo=00030167,30167,QUAD
http://sedar.com/DisplayProfile.do?lang=EN&issuerType=03&issuerNo=00030179,30179,YCM
http://sedar.com/DisplayProfile.do?lang=EN&issuerType=03&issuerNo=00030203,30203,PHS
http://sedar.com/DisplayProfile.do?lang=EN&issuerType=03&issuerNo=00030258,30258,AKE
http://sedar.com/DisplayProfile.do?lang=EN&issuerType=03&issuerNo=00030284,30284,PIC
http://sedar.com/DisplayProfile.do?lang=EN&issuerType=03&issuerNo=00030309,30309,RSS
http://sedar.com/DisplayProfile.do?lang=EN&issuerType=03&issuerNo=00030461,30461,DS
http://sedar.com/DisplayProfile.do?lang=EN&issuerType=03&issuerNo=00030472,30472,THMG
http://sedar.com/DisplayProfile.do?lang=EN&issuerType=03&issuerNo=00030584,30584,AYM
http://sedar.com/DisplayProfile.do?lang=EN&issuerType=03&issuerNo=00030610,30610,SAAS
http://sedar.com/DisplayProfile.do?lang=EN&issuerType=03&issuerNo=00030626,30626,PDH
http://sedar.com/DisplayProfile.do?lang=EN&issuerType=03&issuerNo=00030727,30727,ADC
http://sedar.com/DisplayProfile.do?lang=EN&issuerType=03&issuerNo=00030789,30789,GIS
http://sedar.com/DisplayProfile.do?lang=EN&issuerType=03&issuerNo=00030833,30833,MMG
http://sedar.com/DisplayProfile.do?lang=EN&issuerType=03&issuerNo=00031120,31120,TFS
http://sedar.com/DisplayProfile.do?lang=EN&issuerType=03&issuerNo=00031135,31135,MMF
http://sedar.com/DisplayProfile.do?lang=EN&issuerType=03&issuerNo=00031206,31206,LDS
http://sedar.com/DisplayProfile.do?lang=EN&issuerType=03&issuerNo=00031237,31237,CUC
http://sedar.com/DisplayProfile.do?lang=EN&issuerType=03&issuerNo=00031244,31244,DPC
http://sedar.com/DisplayProfile.do?lang=EN&issuerType=03&issuerNo=00031245,31245,MOG
http://sedar.com/DisplayProfile.do?lang=EN&issuerType=03&issuerNo=00031246,31246,CBP
http://sedar.com/DisplayProfile.do?lang=EN&issuerType=03&issuerNo=00031340,31340,EX
http://sedar.com/DisplayProfile.do?lang=EN&issuerType=03&issuerNo=00031357,31357,NCD
http://sedar.com/DisplayProfile.do?lang=EN&issuerType=03&issuerNo=00031385,31385,BVQ
http://sedar.com/DisplayProfile.do?lang=EN&issuerType=03&issuerNo=00031410,31410,LEM
http://sedar.com/DisplayProfile.do?lang=EN&issuerType=03&issuerNo=00031482,31482,MVY
http://sedar.com/DisplayProfile.do?lang=EN&issuerType=03&issuerNo=00031535,31535,ISL
http://sedar.com/DisplayProfile.do?lang=EN&issuerType=03&issuerNo=00031602,31602,FLT
http://sedar.com/DisplayProfile.do?lang=EN&issuerType=03&issuerNo=00031668,31668,AMS
http://sedar.com/DisplayProfile.do?lang=EN&issuerType=03&issuerNo=00031706,31706,DGS
http://sedar.com/DisplayProfile.do?lang=EN&issuerType=03&issuerNo=00031731,31731,FGD
http://sedar.com/DisplayProfile.do?lang=EN&issuerType=03&issuerNo=00031789,31789,CMC
http://sedar.com/DisplayProfile.do?lang=EN&issuerType=03&issuerNo=00031924,31924,PDT
http://sedar.com/DisplayProfile.do?lang=EN&issuerType=03&issuerNo=00031994,31994,VCT
http://sedar.com/DisplayProfile.do?lang=EN&issuerType=03&issuerNo=00032001,32001,GOP
http://sedar.com/DisplayProfile.do?lang=EN&issuerType=03&issuerNo=00032046,32046,FAT
http://sedar.com/DisplayProfile.do?lang=EN&issuerType=03&issuerNo=00032055,32055,SNL
http://sedar.com/DisplayProfile.do?lang=EN&issuerType=03&issuerNo=00032084,32084,PAT
http://sedar.com/DisplayProfile.do?lang=EN&issuerType=03&issuerNo=00032128,32128,NSM
http://sedar.com/DisplayProfile.do?lang=EN&issuerType=03&issuerNo=00032247,32247,TTC
http://sedar.com/DisplayProfile.do?lang=EN&issuerType=03&issuerNo=00032248,32248,JUJU
http://sedar.com/DisplayProfile.do?lang=EN&issuerType=03&issuerNo=00032253,32253,SQX
http://sedar.com/DisplayProfile.do?lang=EN&issuerType=03&issuerNo=00032292,32292,MDO
http://sedar.com/DisplayProfile.do?lang=EN&issuerType=03&issuerNo=00032344,32344,WRW
http://sedar.com/DisplayProfile.do?lang=EN&issuerType=03&issuerNo=00032439,32439,MDD
http://sedar.com/DisplayProfile.do?lang=EN&issuerType=03&issuerNo=00032535,32535,HC
http://sedar.com/DisplayProfile.do?lang=EN&issuerType=03&issuerNo=00032539,32539,CLE
http://sedar.com/DisplayProfile.do?lang=EN&issuerType=03&issuerNo=00032588,32588,TIM
http://sedar.com/DisplayProfile.do?lang=EN&issuerType=03&issuerNo=00032647,32647,IP
http://sedar.com/DisplayProfile.do?lang=EN&issuerType=03&issuerNo=00032658,32658,FFF
http://sedar.com/DisplayProfile.do?lang=EN&issuerType=03&issuerNo=00032696,32696,TKU
http://sedar.com/DisplayProfile.do?lang=EN&issuerType=03&issuerNo=00032710,32710,KDZ
http://sedar.com/DisplayProfile.do?lang=EN&issuerType=03&issuerNo=00032718,32718,AXC
http://sedar.com/DisplayProfile.do?lang=EN&issuerType=03&issuerNo=00032752,32752,SHRC
http://sedar.com/DisplayProfile.do?lang=EN&issuerType=03&issuerNo=00032894,32894,CK
http://sedar.com/DisplayProfile.do?lang=EN&issuerType=03&issuerNo=00032917,32917,AYL
http://sedar.com/DisplayProfile.do?lang=EN&issuerType=03&issuerNo=00032926,32926,OG
http://sedar.com/DisplayProfile.do?lang=EN&issuerType=03&issuerNo=00032995,32995,DVR
http://sedar.com/DisplayProfile.do?lang=EN&issuerType=03&issuerNo=00033024,33024,GFG
http://sedar.com/DisplayProfile.do?lang=EN&issuerType=03&issuerNo=00033147,33147,IBAT
http://sedar.com/DisplayProfile.do?lang=EN&issuerType=03&issuerNo=00033202,33202,FTY
http://sedar.com/DisplayProfile.do?lang=EN&issuerType=03&issuerNo=00033308,33308,MLK
http://sedar.com/DisplayProfile.do?lang=EN&issuerType=03&issuerNo=00033313,33313,XMG
http://sedar.com/DisplayProfile.do?lang=EN&issuerType=03&issuerNo=00033327,33327,GXY
http://sedar.com/DisplayProfile.do?lang=EN&issuerType=03&issuerNo=00033334,33334,EXE
http://sedar.com/DisplayProfile.do?lang=EN&issuerType=03&issuerNo=00033408,33408,VP
http://sedar.com/DisplayProfile.do?lang=EN&issuerType=03&issuerNo=00033412,33412,FCC
http://sedar.com/DisplayProfile.do?lang=EN&issuerType=03&issuerNo=00033594,33594,IXR
http://sedar.com/DisplayProfile.do?lang=EN&issuerType=03&issuerNo=00033601,33601,TGL
http://sedar.com/DisplayProfile.do?lang=EN&issuerType=03&issuerNo=00033633,33633,CLNH
http://sedar.com/DisplayProfile.do?lang=EN&issuerType=03&issuerNo=00033663,33663,API
http://sedar.com/DisplayProfile.do?lang=EN&issuerType=03&issuerNo=00033677,33677,ZOR
http://sedar.com/DisplayProfile.do?lang=EN&issuerType=03&issuerNo=00033678,33678,SNP
http://sedar.com/DisplayProfile.do?lang=EN&issuerType=03&issuerNo=00033785,33785,SFA
http://sedar.com/DisplayProfile.do?lang=EN&issuerType=03&issuerNo=00033830,33830,GLH
http://sedar.com/DisplayProfile.do?lang=EN&issuerType=03&issuerNo=00033885,33885,TAUG
http://sedar.com/DisplayProfile.do?lang=EN&issuerType=03&issuerNo=00033945,33945,GCS
http://sedar.com/DisplayProfile.do?lang=EN&issuerType=03&issuerNo=00033950,33950,ZRI
http://sedar.com/DisplayProfile.do?lang=EN&issuerType=03&issuerNo=00033953,33953,HIT
http://sedar.com/DisplayProfile.do?lang=EN&issuerType=03&issuerNo=00033954,33954,HM
http://sedar.com/DisplayProfile.do?lang=EN&issuerType=03&issuerNo=00034059,34059,NXC
http://sedar.com/DisplayProfile.do?lang=EN&issuerType=03&issuerNo=00034078,34078,GRT
http://sedar.com/DisplayProfile.do?lang=EN&issuerType=03&issuerNo=00034169,34169,BUA
http://sedar.com/DisplayProfile.do?lang=EN&issuerType=03&issuerNo=00034177,34177,IFL
http://sedar.com/DisplayProfile.do?lang=EN&issuerType=03&issuerNo=00034271,34271,CME
http://sedar.com/DisplayProfile.do?lang=EN&issuerType=03&issuerNo=00034372,34372,RVR
http://sedar.com/DisplayProfile.do?lang=EN&issuerType=03&issuerNo=00034396,34396,GBC
http://sedar.com/DisplayProfile.do?lang=EN&issuerType=03&issuerNo=00034432,34432,PUL
http://sedar.com/DisplayProfile.do?lang=EN&issuerType=03&issuerNo=00034446,34446,ZOM
http://sedar.com/DisplayProfile.do?lang=EN&issuerType=03&issuerNo=00034491,34491,ISV
http://sedar.com/DisplayProfile.do?lang=EN&issuerType=03&issuerNo=00034516,34516,CFB
http://sedar.com/DisplayProfile.do?lang=EN&issuerType=03&issuerNo=00034557,34557,MINE
http://sedar.com/DisplayProfile.do?lang=EN&issuerType=03&issuerNo=00034614,34614,EVA
http://sedar.com/DisplayProfile.do?lang=EN&issuerType=03&issuerNo=00034745,34745,MRTX
http://sedar.com/DisplayProfile.do?lang=EN&issuerType=03&issuerNo=00034814,34814,EMS
http://sedar.com/DisplayProfile.do?lang=EN&issuerType=03&issuerNo=00034840,34840,LEO
http://sedar.com/DisplayProfile.do?lang=EN&issuerType=03&issuerNo=00034914,34914,FKSH
http://sedar.com/DisplayProfile.do?lang=EN&issuerType=03&issuerNo=00034962,34962,MWIUN
http://sedar.com/DisplayProfile.do?lang=EN&issuerType=03&issuerNo=00035029,35029,CMS
http://sedar.com/DisplayProfile.do?lang=EN&issuerType=03&issuerNo=00035030,35030,TSZ
http://sedar.com/DisplayProfile.do?lang=EN&issuerType=03&issuerNo=00035039,35039,SPRZ
http://sedar.com/DisplayProfile.do?lang=EN&issuerType=03&issuerNo=00035142,35142,CTT
http://sedar.com/DisplayProfile.do?lang=EN&issuerType=03&issuerNo=00035227,35227,DMC
http://sedar.com/DisplayProfile.do?lang=EN&issuerType=03&issuerNo=00035230,35230,MYR
http://sedar.com/DisplayProfile.do?lang=EN&issuerType=03&issuerNo=00035277,35277,LND
http://sedar.com/DisplayProfile.do?lang=EN&issuerType=03&issuerNo=00035394,35394,MDM
http://sedar.com/DisplayProfile.do?lang=EN&issuerType=03&issuerNo=00035444,35444,GIFUN
http://sedar.com/DisplayProfile.do?lang=EN&issuerType=03&issuerNo=00035455,35455,OLE
http://sedar.com/DisplayProfile.do?lang=EN&issuerType=03&issuerNo=00035516,35516,AQXP
http://sedar.com/DisplayProfile.do?lang=EN&issuerType=03&issuerNo=00035605,35605,EFM
http://sedar.com/DisplayProfile.do?lang=EN&issuerType=03&issuerNo=00035606,35606,OAA
http://sedar.com/DisplayProfile.do?lang=EN&issuerType=03&issuerNo=00035708,35708,DST
http://sedar.com/DisplayProfile.do?lang=EN&issuerType=03&issuerNo=00035728,35728,EPY
http://sedar.com/DisplayProfile.do?lang=EN&issuerType=03&issuerNo=00035733,35733,CIA
http://sedar.com/DisplayProfile.do?lang=EN&issuerType=03&issuerNo=00035767,35767,EAC
http://sedar.com/DisplayProfile.do?lang=EN&issuerType=03&issuerNo=00035769,35769,SKLN
http://sedar.com/DisplayProfile.do?lang=EN&issuerType=03&issuerNo=00035787,35787,IMH
http://sedar.com/DisplayProfile.do?lang=EN&issuerType=03&issuerNo=00035788,35788,XRO
http://sedar.com/DisplayProfile.do?lang=EN&issuerType=03&issuerNo=00035919,35919,LVI
http://sedar.com/DisplayProfile.do?lang=EN&issuerType=03&issuerNo=00035920,35920,BLA
http://sedar.com/DisplayProfile.do?lang=EN&issuerType=03&issuerNo=00035954,35954,DVA
http://sedar.com/DisplayProfile.do?lang=EN&issuerType=03&issuerNo=00035956,35956,MCP
http://sedar.com/DisplayProfile.do?lang=EN&issuerType=03&issuerNo=00035993,35993,NF
http://sedar.com/DisplayProfile.do?lang=EN&issuerType=03&issuerNo=00036018,36018,LLP
http://sedar.com/DisplayProfile.do?lang=EN&issuerType=03&issuerNo=00036046,36046,ISOL
http://sedar.com/DisplayProfile.do?lang=EN&issuerType=03&issuerNo=00036140,36140,SOIGF
http://sedar.com/DisplayProfile.do?lang=EN&issuerType=03&issuerNo=00036171,36171,VRT
http://sedar.com/DisplayProfile.do?lang=EN&issuerType=03&issuerNo=00036225,36225,LHS
http://sedar.com/DisplayProfile.do?lang=EN&issuerType=03&issuerNo=00036308,36308,MYM
http://sedar.com/DisplayProfile.do?lang=EN&issuerType=03&issuerNo=00036309,36309,APP
http://sedar.com/DisplayProfile.do?lang=EN&issuerType=03&issuerNo=00036417,36417,ACG
http://sedar.com/DisplayProfile.do?lang=EN&issuerType=03&issuerNo=00036427,36427,REG
http://sedar.com/DisplayProfile.do?lang=EN&issuerType=03&issuerNo=00036428,36428,CRL
http://sedar.com/DisplayProfile.do?lang=EN&issuerType=03&issuerNo=00036463,36463,CBK
http://sedar.com/DisplayProfile.do?lang=EN&issuerType=03&issuerNo=00036484,36484,BUX
http://sedar.com/DisplayProfile.do?lang=EN&issuerType=03&issuerNo=00036543,36543,DDB
http://sedar.com/DisplayProfile.do?lang=EN&issuerType=03&issuerNo=00036616,36616,HFC
http://sedar.com/DisplayProfile.do?lang=EN&issuerType=03&issuerNo=00036638,36638,J
http://sedar.com/DisplayProfile.do?lang=EN&issuerType=03&issuerNo=00036732,36732,LION
http://sedar.com/DisplayProfile.do?lang=EN&issuerType=03&issuerNo=00036792,36792,JGW
http://sedar.com/DisplayProfile.do?lang=EN&issuerType=03&issuerNo=00036793,36793,ACM
http://sedar.com/DisplayProfile.do?lang=EN&issuerType=03&issuerNo=00036794,36794,CGQ
http://sedar.com/DisplayProfile.do?lang=EN&issuerType=03&issuerNo=00036801,36801,US
http://sedar.com/DisplayProfile.do?lang=EN&issuerType=03&issuerNo=00036827,36827,MJ
http://sedar.com/DisplayProfile.do?lang=EN&issuerType=03&issuerNo=00036887,36887,SQR
http://sedar.com/DisplayProfile.do?lang=EN&issuerType=03&issuerNo=00036900,36900,STV
http://sedar.com/DisplayProfile.do?lang=EN&issuerType=03&issuerNo=00036922,36922,LTE
http://sedar.com/DisplayProfile.do?lang=EN&issuerType=03&issuerNo=00036995,36995,TPS
http://sedar.com/DisplayProfile.do?lang=EN&issuerType=03&issuerNo=00036997,36997,NUR
http://sedar.com/DisplayProfile.do?lang=EN&issuerType=03&issuerNo=00037001,37001,RIW
http://sedar.com/DisplayProfile.do?lang=EN&issuerType=03&issuerNo=00037057,37057,MBE
http://sedar.com/DisplayProfile.do?lang=EN&issuerType=03&issuerNo=00037135,37135,AHG
http://sedar.com/DisplayProfile.do?lang=EN&issuerType=03&issuerNo=00037136,37136,DEL
http://sedar.com/DisplayProfile.do?lang=EN&issuerType=03&issuerNo=00037146,37146,PCE
http://sedar.com/DisplayProfile.do?lang=EN&issuerType=03&issuerNo=00037164,37164,ZNK
http://sedar.com/DisplayProfile.do?lang=EN&issuerType=03&issuerNo=00037203,37203,GHE
http://sedar.com/DisplayProfile.do?lang=EN&issuerType=03&issuerNo=00037204,37204,TRL
http://sedar.com/DisplayProfile.do?lang=EN&issuerType=03&issuerNo=00037216,37216,GRL
http://sedar.com/DisplayProfile.do?lang=EN&issuerType=03&issuerNo=00037226,37226,VGM
http://sedar.com/DisplayProfile.do?lang=EN&issuerType=03&issuerNo=00037297,37297,CNI
http://sedar.com/DisplayProfile.do?lang=EN&issuerType=03&issuerNo=00037347,37347,AEF
http://sedar.com/DisplayProfile.do?lang=EN&issuerType=03&issuerNo=00037371,37371,APG
http://sedar.com/DisplayProfile.do?lang=EN&issuerType=03&issuerNo=00037441,37441,CO
http://sedar.com/DisplayProfile.do?lang=EN&issuerType=03&issuerNo=00037514,37514,LXR
http://sedar.com/DisplayProfile.do?lang=EN&issuerType=03&issuerNo=00037547,37547,SO
http://sedar.com/DisplayProfile.do?lang=EN&issuerType=03&issuerNo=00037589,37589,WGC
http://sedar.com/DisplayProfile.do?lang=EN&issuerType=03&issuerNo=00037594,37594,GBF
http://sedar.com/DisplayProfile.do?lang=EN&issuerType=03&issuerNo=00037604,37604,HS
http://sedar.com/DisplayProfile.do?lang=EN&issuerType=03&issuerNo=00037617,37617,VAI
http://sedar.com/DisplayProfile.do?lang=EN&issuerType=03&issuerNo=00037628,37628,GEMC
http://sedar.com/DisplayProfile.do?lang=EN&issuerType=03&issuerNo=00037708,37708,FLOW
http://sedar.com/DisplayProfile.do?lang=EN&issuerType=03&issuerNo=00037722,37722,BTH
http://sedar.com/DisplayProfile.do?lang=EN&issuerType=03&issuerNo=00037805,37805,URG
http://sedar.com/DisplayProfile.do?lang=EN&issuerType=03&issuerNo=00037831,37831,GCA
http://sedar.com/DisplayProfile.do?lang=EN&issuerType=03&issuerNo=00037851,37851,HU
http://sedar.com/DisplayProfile.do?lang=EN&issuerType=03&issuerNo=00037877,37877,KEW
http://sedar.com/DisplayProfile.do?lang=EN&issuerType=03&issuerNo=00037915,37915,IRV
http://sedar.com/DisplayProfile.do?lang=EN&issuerType=03&issuerNo=00037950,37950,ORTH
http://sedar.com/DisplayProfile.do?lang=EN&issuerType=03&issuerNo=00037958,37958,NAC
http://sedar.com/DisplayProfile.do?lang=EN&issuerType=03&issuerNo=00038001,38001,WIP
http://sedar.com/DisplayProfile.do?lang=EN&issuerType=03&issuerNo=00038153,38153,CCN
http://sedar.com/DisplayProfile.do?lang=EN&issuerType=03&issuerNo=00038236,38236,NLH
http://sedar.com/DisplayProfile.do?lang=EN&issuerType=03&issuerNo=00038260,38260,EGL
http://sedar.com/DisplayProfile.do?lang=EN&issuerType=03&issuerNo=00038299,38299,FOX
http://sedar.com/DisplayProfile.do?lang=EN&issuerType=03&issuerNo=00038471,38471,KBU
http://sedar.com/DisplayProfile.do?lang=EN&issuerType=03&issuerNo=00038495,38495,GRP
http://sedar.com/DisplayProfile.do?lang=EN&issuerType=03&issuerNo=00038684,38684,GWR
http://sedar.com/DisplayProfile.do?lang=EN&issuerType=03&issuerNo=00038775,38775,ANTL
http://sedar.com/DisplayProfile.do?lang=EN&issuerType=03&issuerNo=00038835,38835,NGVT
http://sedar.com/DisplayProfile.do?lang=EN&issuerType=03&issuerNo=00038859,38859,GET
http://sedar.com/DisplayProfile.do?lang=EN&issuerType=03&issuerNo=00039152,39152,FOR
http://sedar.com/DisplayProfile.do?lang=EN&issuerType=03&issuerNo=00039175,39175,TGH
http://sedar.com/DisplayProfile.do?lang=EN&issuerType=03&issuerNo=00039197,39197,LKSD
http://sedar.com/DisplayProfile.do?lang=EN&issuerType=03&issuerNo=00039205,39205,LNB
http://sedar.com/DisplayProfile.do?lang=EN&issuerType=03&issuerNo=00039219,39219,TF
http://sedar.com/DisplayProfile.do?lang=EN&issuerType=03&issuerNo=00039226,39226,ESTE
http://sedar.com/DisplayProfile.do?lang=EN&issuerType=03&issuerNo=00039534,39534,ISO
http://sedar.com/DisplayProfile.do?lang=EN&issuerType=03&issuerNo=00039553,39553,FIL
http://sedar.com/DisplayProfile.do?lang=EN&issuerType=03&issuerNo=00039556,39556,ATZ
http://sedar.com/DisplayProfile.do?lang=EN&issuerType=03&issuerNo=00039566,39566,HWFUN
http://sedar.com/DisplayProfile.do?lang=EN&issuerType=03&issuerNo=00039653,39653,EREP
http://sedar.com/DisplayProfile.do?lang=EN&issuerType=03&issuerNo=00039654,39654,CBT
http://sedar.com/DisplayProfile.do?lang=EN&issuerType=03&issuerNo=00039733,39733,PPR
http://sedar.com/DisplayProfile.do?lang=EN&issuerType=03&issuerNo=00039795,39795,PREV
http://sedar.com/DisplayProfile.do?lang=EN&issuerType=03&issuerNo=00039880,39880,ECN
http://sedar.com/DisplayProfile.do?lang=EN&issuerType=03&issuerNo=00039995,39995,BRIO
http://sedar.com/DisplayProfile.do?lang=EN&issuerType=03&issuerNo=00040025,40025,ECCFT
http://sedar.com/DisplayProfile.do?lang=EN&issuerType=03&issuerNo=00040069,40069,ESX
http://sedar.com/DisplayProfile.do?lang=EN&issuerType=03&issuerNo=00040087,40087,AZT
http://sedar.com/DisplayProfile.do?lang=EN&issuerType=03&issuerNo=00040104,40104,NRGY
http://sedar.com/DisplayProfile.do?lang=EN&issuerType=03&issuerNo=00040114,40114,PGLC
http://sedar.com/DisplayProfile.do?lang=EN&issuerType=03&issuerNo=00040256,40256,CMED
http://sedar.com/DisplayProfile.do?lang=EN&issuerType=03&issuerNo=00040264,40264,MNO
http://sedar.com/DisplayProfile.do?lang=EN&issuerType=03&issuerNo=00040470,40470,FRII
http://sedar.com/DisplayProfile.do?lang=EN&issuerType=03&issuerNo=00040502,40502,ADZN
http://sedar.com/DisplayProfile.do?lang=EN&issuerType=03&issuerNo=00040606,40606,SGI
http://sedar.com/DisplayProfile.do?lang=EN&issuerType=03&issuerNo=00041559,41559,JPJ
http://sedar.com/DisplayProfile.do?lang=EN&issuerType=03&issuerNo=00042256,42256,GOOS
http://sedar.com/DisplayProfile.do?lang=EN&issuerType=03&issuerNo=00042362,42362,BUFF
http://sedar.com/DisplayProfile.do?lang=EN&issuerType=03&issuerNo=00042432,42432,LFC
http://sedar.com/DisplayProfile.do?lang=EN&issuerType=03&issuerNo=00042525,42525,CDNT
http://sedar.com/DisplayProfile.do?lang=EN&issuerType=03&issuerNo=00042628,42628,LEAF
http://sedar.com/DisplayProfile.do?lang=EN&issuerType=03&issuerNo=00042774,42774,RTHM
http://sedar.com/DisplayProfile.do?lang=EN&issuerType=03&issuerNo=00042897,42897,GRG
http://sedar.com/DisplayProfile.do?lang=EN&issuerType=03&issuerNo=00042982,42982,ADNT
http://sedar.com/DisplayProfile.do?lang=EN&issuerType=03&issuerNo=00043108,43108,TETH
